"","CatalogNumber","YearCollected","MonthCollected","DayCollected","IndividualFishID","Dissector_and_Examiner","DissectionDate","Sex","TotalLength_mm","StandardLength_mm","Weight_mg","CI","combo","Latitude","Longitude","ACAN.AD","CEST.BB","CEST.UNK","COPE.POOD","META.UNK","MONO.DACT","MONO.GDAC","MYX.AK","MYX.EYE","MYX.FI","MYX.GC","MYX.GL","MYX.OT","MYX.TIN","NEM.BUD","NEM.DAFT","NEM.UNK","TREM.ASS","TREM.BC","TREM.CM","TREM.DIPLO","TREM.META","TREM.META.ES","TREM.META.GO","TREM.META.HET","TREM.META.SP","TREM.META.UNK","TREM.NS","TREM.UNK"
"1","175623",1995,7,29,"175623_04","DJB IJ ","07/18/2024",NA,51,40,"1184","impact","impact_1994-2003","30.75417","-89.82694",0,0,0,0,0,26,0,0,0,0,0,0,0,0,0,0,0,0,0,28,0,0,0,0,0,0,0,0,0
"2","30995",1963,12,12,"30995_02","SC CJW","07/18/2024",NA,84,68,"5293","control","control_1954-1963","30.77861","-89.82972",0,0,0,0,0,12,0,0,0,0,0,0,0,0,0,0,0,0,0,10,0,0,0,0,4,1,0,0,0
"3","30995",1963,12,12,"30995_01","JT DMDM KL","07/08/2024","na",78,60,"3996","control","control_1954-1963","30.77861","-89.82972",0,0,0,0,0,2,0,0,0,0,0,0,0,0,0,0,0,0,0,71,0,0,0,10,0,0,0,0,0
"4","30995",1963,12,12,"30995_04","sc ij dmdm","07/18/2024","f",88,70,"6293","control","control_1954-1963","30.77861","-89.82972",0,0,0,0,0,0,0,0,0,0,0,0,0,0,0,0,0,0,0,0,0,1,0,0,0,1,0,0,0
"5","30995",1963,12,12,"30995_03","JT IJ GMC","07/18/2024","na",83,65,"4592","control","control_1954-1963","30.77861","-89.82972",0,0,0,0,0,0,0,0,0,0,0,0,0,0,0,0,0,0,0,20,0,0,0,0,0,0,0,0,0
"6","31084",1964,2,20,"31084_03","IJ DJB KL","07/19/2024","F",92,72,"6452","control","control_1964-1973","30.77861","-89.82972",0,0,0,0,0,8,0,0,0,0,0,0,0,0,0,0,0,0,12,41,0,0,0,0,0,0,0,0,0
"7","31084",1964,2,20,"31084_04","SC DJB GMC","07/19/2024",NA,93,77,"4966","control","control_1964-1973","30.77861","-89.82972",0,0,0,0,0,72,0,0,0,0,0,0,0,0,0,0,0,0,0,1,0,0,0,0,0,0,0,0,0
"8","31084",1964,2,20,"31084_02","sc ij cjw","07/19/2024","na",93,74,"7820","control","control_1964-1973","30.77861","-89.82972",0,0,0,0,0,8,0,0,0,0,0,0,0,0,0,0,0,0,0,39,0,0,0,0,0,0,0,0,0
"9","31084",1964,2,20,"31084_01","dmdm gmc","07/19/2024","f",92,71,"6352","control","control_1964-1973","30.77861","-89.82972",0,0,0,0,0,14,0,0,0,0,0,0,0,0,0,0,0,0,0,1,0,0,0,0,0,0,0,0,0
"10","31145",1963,6,23,"31145_03","djb cjw","07/22/2024","na",67,52,"2270","control","control_1954-1963","30.77861","-89.82972",0,0,0,0,0,0,0,0,0,0,0,0,0,0,0,0,0,0,0,98,0,0,0,0,0,0,0,0,0
"11","31145",1963,6,23,"31145_02","sc jt gmc","07/22/2024","na",65,54,"2017","control","control_1954-1963","30.77861","-89.82972",0,0,0,0,0,4,0,0,0,0,0,0,0,0,0,0,0,0,0,115,0,0,0,0,0,0,0,0,0
"12","31145",1963,6,23,"31145_01","JT CJW","07/22/2024","na",70,53,"2608","control","control_1954-1963","30.77861","-89.82972",0,0,0,0,0,0,0,0,0,0,0,0,0,0,0,0,0,0,0,114,0,0,0,0,0,0,0,0,0
"13","31145",1963,6,23,"31145_04","djb dmdm","07/22/2024","na",44,35,"657","control","control_1954-1963","30.77861","-89.82972",0,0,0,0,0,0,0,1,0,0,0,0,0,0,0,0,0,0,0,18,0,0,0,0,0,0,0,0,0
"14","31194",1963,5,19,"31194_03","SD GMC","04/02/2024",NA,69,52,"","control","control_1954-1963","30.77861","-89.82972",0,0,0,0,0,50,0,0,0,0,0,0,0,0,1,0,1,0,0,2,0,0,0,0,0,1,0,0,0
"15","31194",1963,5,19,"31194_02","SD CJW","04/02/2024",NA,74,61,"","control","control_1954-1963","30.77861","-89.82972",0,0,0,0,0,52,0,0,0,0,0,0,0,0,3,0,0,0,0,0,0,0,0,0,0,0,0,0,0
"16","31194",1963,5,19,"31194_01","ht kl","04/01/2024","na",71,55,"","control","control_1954-1963","30.77861","-89.82972",0,0,0,0,0,28,0,0,0,0,0,0,0,0,0,0,0,0,0,173,0,0,0,0,0,0,0,0,0
"17","31194",1963,5,19,"31194_04","SD DD","04/02/2024","F",84,68,"","control","control_1954-1963","30.77861","-89.82972",0,0,0,0,0,4,0,0,0,0,0,0,0,0,0,0,0,0,0,2,0,0,0,0,0,0,0,0,0
"18","31296",1963,12,13,"31296_03","DD GMC","03/27/2024","F",105,85,"","impact","impact_1954-1963","30.70222","-89.84417",0,0,0,0,0,10,6,0,0,0,0,0,0,0,0,0,0,0,0,13,0,0,0,0,1,5,0,0,0
"19","31296",1963,12,13,"31296_04","dd ht kl","04/01/2024","f",106,81,"","impact","impact_1954-1963","30.70222","-89.84417",0,0,0,0,0,2,0,0,0,0,0,0,0,0,0,0,0,0,0,66,0,0,0,0,0,7,0,0,0
"20","31296",1963,12,13,"31296_02","kl","03/27/2024","f",77,62,"","impact","impact_1954-1963","30.70222","-89.84417",0,0,0,0,0,6,0,0,0,0,0,0,0,0,0,0,0,0,0,270,0,0,0,0,0,1,0,0,0
"21","31296",1963,12,13,"31296_01","gmc cjw","03/27/2024","f",113,89,"","impact","impact_1954-1963","30.70222","-89.84417",0,0,0,0,0,0,0,0,0,0,0,0,0,0,0,0,0,0,0,41,0,0,0,0,2,0,0,0,0
"22","37937",1965,6,5,"37937_01","SC KL","07/09/2024",NA,86,73,"5392","control","control_1964-1973","30.77861","-89.82972",0,0,0,0,0,0,0,0,0,0,0,0,0,0,0,0,0,0,0,1,0,0,0,0,0,1,0,0,0
"23","37937",1965,6,5,"37937_02","DJB KL","07/09/2024",NA,71,58,"2952","control","control_1964-1973","30.77861","-89.82972",0,0,0,0,0,0,0,0,0,0,0,0,0,0,0,0,0,0,0,0,0,0,0,0,0,0,0,0,0
"24","37937",1965,6,5,"37937_03","SC KL","07/09/2024",NA,93,75,"6055","control","control_1964-1973","30.77861","-89.82972",0,0,0,0,0,10,0,0,0,0,0,0,0,0,0,0,0,0,0,155,0,0,0,0,0,0,0,0,0
"25","37937",1965,6,5,"37937_04","SC KL","07/09/2024",NA,87,68,"5306","control","control_1964-1973","30.77861","-89.82972",0,0,0,0,0,0,0,0,0,0,0,0,0,0,0,0,0,0,0,24,0,0,0,0,2,0,0,0,0
"26","37981",1965,7,3,"37981_04","ij sc djb kl","07/11/2024","na",68,54,"2539","impact","impact_1964-1973","30.70222","-89.84417",0,0,0,0,0,18,0,0,0,0,0,0,0,0,0,0,0,0,0,1,0,0,0,0,0,0,0,0,0
"27","37981",1965,7,3,"37981_03","JT DJB DMDM","7/11/2024","na",47,36,"793","impact","impact_1964-1973","30.70222","-89.84417",0,0,0,0,0,6,0,0,0,0,0,0,0,0,0,0,0,0,0,101,0,0,0,2,1,8,0,0,0
"28","37981",1965,7,3,"37981_02","IJ SC/DMDM","07/11/2024",NA,67,54,"2627","impact","impact_1964-1973","30.70222","-89.84417",0,0,0,0,0,4,0,0,0,0,0,0,0,0,0,0,0,0,0,11,2,0,0,0,0,0,0,0,0
"29","37981",1965,7,3,"37981_01","SC/GML","7/11/2024","na",49,38,"954","impact","impact_1964-1973","30.70222","-89.84417",0,0,0,0,2,0,0,0,0,0,0,0,0,0,0,0,0,0,0,0,0,0,0,0,0,0,0,0,0
"30","42915",1967,1,6,"42915_04","SC CJW KL","07/18/2024",NA,67,53,"2278","impact","impact_1964-1973","30.70222","-89.84417",0,0,0,0,0,0,0,0,0,0,0,0,0,0,0,0,0,0,0,20,0,0,0,0,0,0,0,0,0
"31","42915",1967,1,6,"42915_02","DJB JT KL","07/18/2024",NA,69,56,"2636","impact","impact_1964-1973","30.70222","-89.84417",0,1,0,0,0,46,0,0,0,0,0,0,0,0,0,0,0,5,2,55,0,0,10,6,0,37,0,0,0
"32","42915",1967,1,6,"42915_01","JT DMDM","07/18/2024",NA,71,54,"2783","impact","impact_1964-1973","30.70222","-89.84417",0,0,0,0,0,2,0,0,0,0,0,0,0,0,0,0,0,2,0,2,0,0,0,0,0,0,0,0,0
"33","42915",1967,1,6,"42915_03","JT SC ","07/18/2024",NA,63.5,48,"2019","impact","impact_1964-1973","30.70222","-89.84417",0,0,0,0,0,0,0,0,0,0,0,0,0,0,0,0,0,0,2,83,0,0,0,0,0,8,0,0,1
"34","43824",1967,2,28,"43824_04","JT DMDM KL","07/17/2024","F",65,50,"2112","impact","impact_1964-1973","30.70222","-89.84417",0,0,0,0,0,8,0,0,0,0,0,0,0,0,0,0,0,0,0,9,0,0,0,0,0,0,0,0,0
"35","43824",1967,2,28,"43824_03","DJB DMDM","07/17/2024","F",70,56,"2943","impact","impact_1964-1973","30.70222","-89.84417",0,0,0,0,0,10,0,0,0,0,0,0,0,0,0,0,0,0,0,6,0,0,0,0,0,0,0,0,0
"36","43824",1967,2,28,"43824_02","SC IJ CJW","07/17/2024","F",61,48,"1462","impact","impact_1964-1973","30.70222","-89.84417",0,0,0,0,0,14,0,0,0,0,0,0,0,0,0,0,0,0,0,2,0,0,0,0,1,0,0,0,0
"37","43824",1967,2,28,"43824_01","DJB DMDM KL","07/17/2024","na",65,51,"2168","impact","impact_1964-1973","30.70222","-89.84417",0,0,0,0,0,2,0,0,0,0,0,0,0,0,0,0,0,0,0,6,0,0,0,0,0,0,0,0,0
"38","49517",1967,12,26,"49517_02","DJB KL","7/10/2024","na",69,52,"2121","impact","impact_1964-1973","30.70222","-89.84417",0,0,0,0,0,14,0,0,0,0,0,0,0,0,0,0,0,0,0,223,0,0,0,0,0,0,0,0,0
"39","49517",1967,12,26,"49517_03","IJ.DMDM","7/10/2024","na",79,63,"3717","impact","impact_1964-1973","30.70222","-89.84417",0,0,1,0,0,20,0,0,0,0,0,0,0,0,0,0,0,0,0,5,2,0,0,0,0,0,0,0,4
"40","49517",1967,12,26,"49517_01","djb clw","07/10/2024","na",91,73,"5421","impact","impact_1964-1973","30.70222","-89.84417",0,0,0,0,0,0,0,0,0,0,0,0,0,0,0,0,0,0,0,0,0,0,0,0,0,0,0,0,0
"41","49517",1967,12,26,"49517_04","sc cjw","07/10/2024","F",105,85,"10620","impact","impact_1964-1973","30.70222","-89.84417",0,1,0,0,0,12,0,0,0,0,0,0,0,0,0,0,0,0,0,1,0,0,0,0,0,0,0,0,0
"42","50356",1968,2,21,"50356_03","CJW","07/09/2024",NA,86,72,"6072","impact","impact_1964-1973","30.70222","-89.84417",0,0,0,0,0,0,0,0,0,0,0,0,0,0,0,0,0,0,0,7,0,0,0,0,0,0,0,0,0
"43","50356",1968,2,21,"50356_01","SC JT","07/09/2024",NA,81,68,"4975","impact","impact_1964-1973","30.70222","-89.84417",0,0,0,0,0,16,0,0,0,0,0,0,0,0,0,0,0,0,0,148,0,0,0,0,1,1,0,0,0
"44","50356",1968,2,21,"50356_04","DMDM","07/09/2024",NA,86,69,"5610","impact","impact_1964-1973","30.70222","-89.84417",0,0,0,0,0,0,0,0,0,0,0,0,2,0,0,0,0,0,0,14,0,0,0,0,0,0,0,0,0
"45","50356",1968,2,21,"50356_02","DJB KL","07/09/2024",NA,97,78,"8489","impact","impact_1964-1973","30.70222","-89.84417",0,0,0,0,0,2,0,0,0,0,0,0,0,0,0,0,0,0,0,8,0,0,0,0,0,0,0,0,0
"46","59432",1969,10,28,"59432_02","SC ","07/12/2024","na",48,36,"869","control","control_1964-1973","30.77861","-89.82972",0,0,0,0,0,2,0,0,0,0,0,0,0,0,0,0,0,0,0,151,0,0,0,0,0,0,0,0,0
"47","59432",1969,10,28,"59432_03","sc gmc dmdm","07/11/2024","na",60,48,"1926","control","control_1964-1973","30.77861","-89.82972",0,0,0,0,0,6,0,0,0,0,0,0,0,0,0,0,0,0,0,4,0,0,0,0,0,0,0,0,0
"48","59432",1969,10,28,"59432_04","CLW","07/12/2024","na",65,51,"2342","control","control_1964-1973","30.77861","-89.82972",0,0,0,0,0,0,0,0,0,0,0,0,0,0,0,0,0,0,0,22,0,0,0,0,0,0,0,0,0
"49","59432",1969,10,28,"59432_01","SC KL","07/11/2024","na",67,53,"2553","control","control_1964-1973","30.77861","-89.82972",0,0,0,0,0,6,0,0,0,0,0,0,0,0,0,0,0,0,0,203,0,0,0,0,0,3,0,0,0
"50","70490",1971,7,15,"70490_03","djb dmdm","07/24/2024","na",33,26,"305","control","control_1964-1973","30.77861","-89.82972",0,0,0,0,0,22,0,0,0,0,0,0,0,0,0,0,0,NA,0,0,0,0,0,0,0,0,0,0,NA
"51","70490",1971,7,15,"70490_02","ij djb","07/24/2024","na",56,44,"1412","control","control_1964-1973","30.77861","-89.82972",0,0,0,0,0,40,0,0,0,0,0,0,0,0,0,0,0,0,3,1,0,0,0,0,0,0,0,0,0
"52","70490",1971,7,15,"70490_04","sc djb gmc","07/24/2024","na",45,36,"772","control","control_1964-1973","30.77861","-89.82972",0,0,0,0,0,22,0,0,0,0,0,0,0,0,0,0,0,0,0,0,0,0,0,0,0,0,0,0,0
"53","70490",1971,7,15,"70490_01","jt sc dmdm","07/24/2024","f",42,34,"674","control","control_1964-1973","30.77861","-89.82972",0,0,0,0,0,6,0,0,0,0,0,0,0,0,0,0,0,0,0,0,0,0,0,0,0,0,0,0,0
"54","70511",1971,7,15,"70511_03","DJB KC","07/09/2024",NA,44,76,"659","impact","impact_1964-1973","30.705","-89.84611",0,0,0,0,0,14,0,0,0,0,0,0,0,0,0,0,0,0,0,0,0,0,0,0,0,0,0,0,0
"55","70511",1971,7,15,"70511_01","JT GMC","07/08/2024",NA,49,37,"940","impact","impact_1964-1973","30.705","-89.84611",0,0,0,0,0,8,1,0,0,0,0,0,0,0,0,0,0,0,0,0,0,0,0,0,0,0,0,0,0
"56","70511",1971,7,15,"70511_02","SC JT/GMC","07/08/2024",NA,53,45,"1440","impact","impact_1964-1973","30.705","-89.84611",0,0,0,0,0,14,0,0,0,0,0,0,0,0,0,0,0,0,0,5,0,0,0,0,0,0,0,0,0
"57","70511",1971,7,15,"70511_04","IJ DMDM","07/08/2024",NA,45,37,"761","impact","impact_1964-1973","30.705","-89.84611",0,0,0,0,0,12,0,0,0,0,0,4,0,0,0,0,0,0,0,0,0,0,0,0,0,0,0,0,0
"58","83907",1973,10,16,"83907_01","djb cjw","07/19/2024",NA,51,40,"1062","control","control_1964-1973","30.77861","-89.82972",0,0,0,0,0,0,0,0,0,0,0,0,0,0,0,0,0,0,0,1,0,0,0,0,0,0,0,0,0
"59","83907",1973,10,16,"83907_04","djb gmc sc cjw","07/19/2024",NA,49,43,"1110","control","control_1964-1973","30.77861","-89.82972",0,0,0,0,0,0,0,0,0,0,0,0,0,0,0,0,0,0,0,2,0,0,0,0,0,0,0,0,0
"60","83907",1973,10,16,"83907_03","sc gmc","07/19/2024",NA,43,32,"558","control","control_1964-1973","30.77861","-89.82972",0,0,0,0,0,0,0,0,0,0,0,0,6,0,0,0,0,0,0,0,0,0,0,0,0,0,0,0,0
"61","83907",1973,10,16,"83907_02","sc kl","07/19/2024",NA,48,39,"877","control","control_1964-1973","30.77861","-89.82972",0,0,0,0,0,0,0,0,0,0,0,0,0,0,0,0,0,0,4,14,0,0,0,0,0,0,0,0,0
"62","94576",1975,7,2,"94576_02","ij gmc","07/24/2024",NA,35,21,"276","control","control_1974-1983","30.77861","-89.82972",0,0,0,2,0,6,0,0,0,0,0,0,0,0,0,0,0,0,0,1,0,0,0,0,0,0,0,0,0
"63","94576",1975,7,2,"94576_04","cjw","07/24/2024",NA,37,29,"334","control","control_1974-1983","30.77861","-89.82972",0,0,0,0,0,10,0,0,0,0,0,0,0,0,0,0,0,0,0,0,0,0,0,0,0,0,0,0,0
"64","94576",1975,7,2,"94576_03","cjw","07/24/2024",NA,36,28,"330","control","control_1974-1983","30.77861","-89.82972",0,0,0,0,0,4,0,0,0,0,0,0,0,0,0,0,0,0,0,1,0,0,0,0,0,0,0,0,0
"65","94576",1975,7,2,"94576_01","cjw","07/24/2024",NA,35,26,"317","control","control_1974-1983","30.77861","-89.82972",0,0,0,0,0,4,0,0,0,0,0,0,0,0,0,1,0,0,0,5,0,0,0,0,0,0,0,0,0
"66","96931",1976,1,22,"96931_04","jt sc dmdm","07/24/2024","na",50,38,"831","control","control_1974-1983","30.76805","-89.83083",0,0,0,0,0,8,0,0,0,0,0,0,0,0,0,0,0,0,0,2,0,0,0,0,0,0,0,0,0
"67","96931",1976,1,22,"96931_03","jt sc dmdm","07/24/2024","na",66,50,"2160","control","control_1974-1983","30.76805","-89.83083",0,0,0,0,0,0,0,1,0,2,2,0,0,0,0,0,0,0,1,8,0,0,0,0,0,0,0,0,0
"68","96931",1976,1,22,"96931_02","sc djb gmc","07/24/2024","na",57,45,"1228","control","control_1974-1983","30.76805","-89.83083",0,0,0,0,0,0,0,1,0,0,0,0,0,0,0,0,0,0,0,10,0,0,0,0,0,0,0,0,0
"69","96931",1976,1,22,"96931_01","ij djb clw","07/24/2024","f",53,40,"920","control","control_1974-1983","30.76805","-89.83083",0,0,0,0,0,0,0,0,0,0,0,0,0,0,0,0,0,0,0,15,0,0,0,0,0,0,0,0,0
"70","98428",1976,7,16,"98428_04","sc jt kl","07/2024","na",42,33,"609","control","control_1974-1983","30.77861","-89.82972",0,0,0,0,0,4,0,0,0,0,0,0,0,0,0,0,0,0,0,1,0,0,0,0,0,0,0,0,0
"71","98428",1976,7,16,"98428_02","gmc jt","07/22/2024",NA,59,47,"1549","control","control_1974-1983","30.77861","-89.82972",0,0,0,0,0,24,0,0,0,0,0,0,0,0,0,0,0,0,1,32,0,0,0,0,0,0,0,0,0
"72","98428",1976,7,16,"98424_01","jt djb cjw","07/22/2024","na",56,41,"1207","control","control_1974-1983","30.77861","-89.82972",0,0,0,0,0,4,0,0,0,0,0,0,0,0,0,0,0,0,0,36,0,0,0,0,1,0,0,0,0
"73","98428",1976,7,16,"98428_03","jt kl","07/22/2024","na",43,34,"627","control","control_1974-1983","30.77861","-89.82972",0,0,0,0,0,48,0,0,0,0,0,0,0,0,0,0,0,23,0,11,0,0,0,0,0,0,0,0,0
"74","98486",1976,7,16,"98486_04","ij kl","07/24/2024",NA,46,37,"732","impact","impact_1974-1983","30.70222","-89.84417",0,0,0,0,0,32,0,1,0,0,0,0,0,0,0,0,0,0,0,5,0,0,0,0,0,0,0,0,0
"75","98486",1976,7,16,"98486_02","ij dmdm","07/24/2024",NA,50,41,"996","impact","impact_1974-1983","30.70222","-89.84417",0,0,0,0,0,12,0,0,0,0,0,0,0,0,0,0,0,0,0,0,0,0,0,0,0,0,0,0,0
"76","98486",1976,7,16,"98486_01","ij dmdm gmc","07/24/2024",NA,45,36,"730","impact","impact_1974-1983","30.70222","-89.84417",0,0,0,0,0,32,0,0,0,0,0,0,16,0,0,0,0,0,0,15,0,0,0,0,2,0,0,0,0
"77","98486",1976,7,16,"98486_03","ij GMC","07/24/2024",NA,47,36,"759","impact","impact_1974-1983","30.70222","-89.84417",0,0,0,0,0,8,0,0,0,0,0,0,0,0,0,NA,0,0,0,7,0,0,0,0,0,0,0,0,0
"78","100406",1976,12,10,"100406_05","KL","07/15/2023","F",90,72,"","impact","impact_1974-1983","30.70222","-89.84417",0,0,0,0,0,0,0,0,0,0,0,0,0,0,0,0,0,0,0,3,0,0,0,0,0,0,0,0,0
"79","100406",1976,12,10,"100406_02","djb gmc cjw","07/15/2024","na",121,99,"14479","impact","impact_1974-1983","30.70222","-89.84417",0,0,0,0,0,0,0,0,0,0,0,0,0,0,0,0,0,0,0,2,0,0,0,0,0,0,0,0,0
"80","100406",1976,12,10,"100406_01","jt ij gmc cjw","07/15/2024","f",90,70,"5275","impact","impact_1974-1983","30.70222","-89.84417",0,0,0,0,0,0,0,0,0,0,0,4,0,0,0,0,0,0,0,20,0,0,0,0,0,0,0,0,0
"81","100406",1976,12,10,"100406_04","sc gmc kl","07/15/2024","f",69,56,"2165","impact","impact_1974-1983","30.70222","-89.84417",0,0,0,0,0,0,0,0,0,0,0,0,0,0,0,0,0,1,2,33,0,0,0,0,0,0,0,0,0
"82","100406",1976,12,10,"100406_03","djb ij kl","07/15/2024","f",79,61,"3402","impact","impact_1974-1983","30.70222","-89.84417",0,0,0,0,0,2,0,0,0,0,0,0,0,0,0,0,0,0,4,4,0,0,0,0,0,0,0,0,0
"83","100831",1977,1,19,"100831_04","jt kl","07/16/2024","na",48,35,"606","control","control_1974-1983","30.76639","-89.83195",0,0,0,0,0,0,0,0,0,0,0,0,0,0,0,0,0,0,0,15,0,0,0,0,0,0,0,0,0
"84","100831",1977,1,19,"100831_01","SC DJB DMDM","07/16/2024",NA,54,42,"1035","control","control_1974-1983","30.76639","-89.83195",0,0,0,0,0,0,0,0,0,0,0,0,28,0,0,0,0,0,0,43,0,0,0,0,0,0,0,0,0
"85","100831",1977,1,19,"100831_02","SC JT GMC","07/16/2024","na",52,40,"783","control","control_1974-1983","30.76639","-89.83195",0,0,0,0,0,0,0,0,0,0,0,0,0,0,0,0,0,0,0,1,0,0,0,0,0,0,0,0,0
"86","100831",1977,1,19,"100831_03","SC GMC KL","07/17/2024","na",59,47,"1319","control","control_1974-1983","30.76639","-89.83195",0,0,0,0,0,0,0,0,0,0,0,0,0,0,0,0,0,0,0,1,0,0,0,0,0,0,0,0,0
"87","100905",1977,1,19,"100905_04","ht cjw","04/15/2024","f",109,84,"","impact","impact_1974-1983","30.70222","-89.84417",0,0,0,0,0,0,0,0,0,0,0,0,0,0,0,0,0,0,0,9,0,0,0,0,0,0,0,0,0
"88","100905",1977,1,19,"100905_03","HT DD","04/15/2024","F",93,73,"","impact","impact_1974-1983","30.70222","-89.84417",0,0,0,0,0,6,0,0,0,0,0,0,0,0,0,0,0,0,0,74,0,0,0,0,0,1,0,0,0
"89","100905",1977,1,19,"100905_01","SD ACL GMC","04/02/2024","M",103,83,"","impact","impact_1974-1983","30.70222","-89.84417",0,0,0,0,0,0,0,0,0,0,0,0,0,0,0,0,0,0,0,29,0,0,0,0,0,0,0,0,0
"90","100905",1977,1,19,"100905_02","SD ACL GMC","04/02/2024","F",115,96,"","impact","impact_1974-1983","30.70222","-89.84417",0,0,0,0,0,0,0,0,0,0,0,0,0,0,0,0,0,0,0,7,0,0,0,0,0,0,0,0,0
"91","104270",1977,10,19,"104270_02","SC CLW","07/15/2024",NA,86,66,"5312","impact","impact_1974-1983","30.70222","-89.84417",0,0,0,0,0,0,0,0,0,0,0,0,0,0,0,0,0,0,2,50,0,0,0,0,0,1,0,0,0
"92","104270",1977,10,19,"104270_01","IJ GMC","07/15/2024",NA,55,43,"1321","impact","impact_1974-1983","30.70222","-89.84417",0,0,0,0,0,20,0,0,0,0,0,0,0,0,0,0,0,1,0,69,0,0,0,0,0,0,0,0,0
"93","104270",1977,10,19,"104270_03","sc dmdm kl","07/15/2024","na",75,60,"2664","impact","impact_1974-1983","30.70222","-89.84417",0,0,0,0,0,30,0,0,0,0,0,0,0,0,0,0,0,0,2,47,0,0,0,0,0,0,0,0,0
"94","104270",1977,10,19,"104270_04","SC GMC","07/15/2024",NA,59,41,"1696","impact","impact_1974-1983","30.70222","-89.84417",0,0,0,0,0,24,0,0,0,0,0,0,0,0,0,0,0,0,0,3,0,0,0,0,0,0,0,0,0
"95","156660",1989,10,12,"156660_01","IJ DJB GMC","07/09/2024","na",65,51,"1958","control","control_1984-1993","30.76528","-89.83222",0,0,0,0,0,8,0,0,0,0,0,0,0,0,0,0,0,0,0,33,0,0,0,0,0,0,0,0,0
"96","106828",1978,4,20,"106828_01","CLW","07/08/2024","na",47,38,"824","control","control_1974-1983","30.76805","-89.83083",1,0,0,0,0,0,0,0,0,0,0,0,0,0,0,0,0,0,0,147,0,0,0,0,0,0,0,0,0
"97","106828",1978,4,20,"106828_02","JT DMDM","07/08/2024","F",69,57,"2957","control","control_1974-1983","30.76805","-89.83083",0,0,0,0,0,0,0,0,0,0,0,0,0,0,0,0,0,0,0,117,0,0,0,0,0,0,0,0,0
"98","106828",1978,4,20,"106828_04","DMDM SC GMC","07/08/2024",NA,72,58,"3015","control","control_1974-1983","30.76805","-89.83083",0,0,0,0,0,10,0,0,0,0,0,0,0,0,0,0,0,0,0,0,0,0,0,0,0,0,0,0,0
"99","106828",1978,4,20,"106828_03","CJW GMC","07/08/2024","F",83,60,"6265","control","control_1974-1983","30.76805","-89.83083",0,0,0,0,0,14,0,0,0,0,0,0,0,0,0,0,0,0,0,2,0,0,0,0,0,0,0,0,0
"100","118314",1980,10,23,"118314_02","SC DJB GMC","07/16/2024","na",81,67,"3836","impact","impact_1974-1983","30.70222","-89.84417",0,0,0,0,0,0,0,0,0,0,0,0,0,0,0,0,0,0,0,4,0,0,0,0,0,0,0,0,0
"101","118314",1980,10,23,"118314_04","ij jt kl","07/16/2024","m",70,58,"2820","impact","impact_1974-1983","30.70222","-89.84417",0,0,0,0,0,0,0,0,0,0,0,0,0,0,0,0,0,0,3,12,0,0,0,0,0,0,0,2,0
"102","118314",1980,10,23,"118314_01","sc djb cjw","07/16/2024","na",72,58,"2902","impact","impact_1974-1983","30.70222","-89.84417",0,0,0,0,0,4,0,0,0,0,0,0,0,0,0,0,0,0,0,5,0,0,0,2,0,1,0,0,0
"103","118314",1980,10,23,"118314_03","djb kl ","07/16/2024","f",101,84,"8098","impact","impact_1974-1983","30.70222","-89.84417",0,0,0,0,0,0,0,0,0,0,0,0,0,0,0,0,0,1,0,6,0,0,0,0,0,2,0,0,0
"104","132494",1983,10,6,"132494_02","DJB CJW","07/08/24",NA,61,48,"2036","impact","impact_1974-1983","30.74055","-89.82694",0,0,0,0,0,0,0,0,0,0,0,0,0,0,0,0,0,0,0,172,0,0,0,0,0,2,0,0,0
"105","132494",1983,10,6,"132494_04","SC DJB GMC","07/09/2024",NA,51,41,"1163","impact","impact_1974-1983","30.74055","-89.82694",0,0,0,0,0,0,0,0,0,0,0,0,0,0,0,0,0,0,0,55,0,0,0,0,0,0,0,0,0
"106","132494",1983,10,6,"132494_01","DJB CJW","07/08/24",NA,52,40,"1389","impact","impact_1974-1983","30.74055","-89.82694",0,0,0,0,0,0,0,0,0,0,0,0,0,0,0,0,0,0,0,17,0,0,0,0,0,0,0,0,0
"107","132494",1983,10,6,"132494_03","DJB GMC","07/09/2024",NA,51,40,"1072","impact","impact_1974-1983","30.74055","-89.82694",0,0,0,0,0,0,0,0,0,0,0,0,0,0,0,0,0,0,0,8,0,0,0,0,0,0,0,0,0
"108","134732",1984,4,20,"134732_01","ij dmdm","07/19/2024",NA,61,49,"1623","control","control_1984-1993","30.77583","-89.82722",0,0,0,0,0,26,0,0,0,0,0,0,0,0,0,0,0,0,0,11,0,0,0,0,0,0,0,0,0
"109","134732",1984,4,20,"134732_02","clw","07/19/2024",NA,59,42,"1499","control","control_1984-1993","30.77583","-89.82722",0,0,0,0,0,0,0,0,0,0,0,0,0,0,0,0,0,0,0,1,0,0,0,0,0,0,0,0,0
"110","134732",1984,4,20,"134732_03","dbj gmc","07/19/2024",NA,60,46,"1530","control","control_1984-1993","30.77583","-89.82722",0,0,0,0,0,16,0,0,0,0,0,0,0,0,0,0,0,0,0,8,0,0,0,0,0,0,0,0,0
"111","134732",1984,4,20,"134732_04","sc kl","07/22/2024",NA,61,46,"1703","control","control_1984-1993","30.77583","-89.82722",0,0,0,0,0,12,0,0,0,0,0,0,0,0,0,0,0,0,0,1,0,0,2,0,0,0,0,0,0
"112","136233",1984,7,17,"136233_01","SC KL","07/15/2024",NA,81,62,"4202","impact","impact_1984-1993","30.74055","-89.82694",0,0,0,0,0,0,0,0,0,0,0,4,0,0,0,0,0,0,0,15,0,0,0,0,0,0,0,0,0
"113","136233",1984,7,17,"136233_04","DJB GMC KL","07/15/2024","na",84,68,"3989","impact","impact_1984-1993","30.74055","-89.82694",0,0,0,0,0,40,0,0,0,0,0,2,0,0,0,0,0,0,0,43,0,0,0,0,0,2,0,0,0
"114","136233",1984,7,17,"136233_02","jt dmdm","07/15/2024","f",76,60,"3340","impact","impact_1984-1993","30.74055","-89.82694",0,0,0,0,0,18,0,0,0,0,0,0,0,0,0,0,0,0,0,39,0,0,0,0,0,0,0,0,0
"115","136233",1984,7,17,"136233_03","ij sc dmdm","07/15/2024","na",79,69,"na","impact","impact_1984-1993","30.74055","-89.82694",0,0,0,0,0,24,0,0,0,0,0,0,0,8,0,0,0,0,0,9,0,0,0,0,0,7,0,0,0
"116","146778",1986,10,9,"146778_02","DJB DMDM","07/17/2024","F",71,54,"2759","impact","impact_1984-1993","30.70222","-89.84417",0,0,0,0,0,6,0,0,0,0,0,2,0,0,0,0,0,0,0,441,0,0,0,2,0,0,0,0,0
"117","146778",1986,10,9,"146778_04","SC IJ JT CLW","07/17/2024",NA,73,60,"3236","impact","impact_1984-1993","30.70222","-89.84417",0,0,0,0,0,2,0,0,0,0,0,0,0,0,0,0,0,0,0,65,0,0,0,0,0,0,0,0,0
"118","146778",1986,10,9,"146778_01","JT IJ GMC","07/17/2024","na",70,53,"2710","impact","impact_1984-1993","30.70222","-89.84417",0,0,0,0,0,2,0,0,0,0,0,0,0,0,0,0,0,0,0,34,0,0,0,0,0,0,0,0,0
"119","146778",1986,10,9,"146778_03","DJB GMC","07/17/2024","na",91,73,"5703","impact","impact_1984-1993","30.70222","-89.84417",0,0,0,0,0,0,0,0,0,0,0,0,0,0,0,0,0,0,0,3,0,0,0,0,0,0,0,0,0
"120","149280",1987,14,1987,"149280_02","CLW CJW","07/11/2024","na",49,41,"964","control","control_1984-1993","30.77583","-89.82722",0,0,0,0,0,12,0,0,0,0,0,0,0,0,0,0,0,0,0,7,0,0,0,0,0,0,0,0,0
"121","149280",1987,14,1987,"149280_03","CLW ","07/11/2024","na",52,42,"1134","control","control_1984-1993","30.77583","-89.82722",0,0,0,0,0,12,0,0,0,0,0,0,0,0,0,0,0,0,0,3,0,0,0,0,0,0,0,0,0
"122","149280",1987,14,1987,"149280_04","CLW/DMDM","07/11/2024","na",48,38,"907","control","control_1984-1993","30.77583","-89.82722",0,0,0,0,0,32,0,0,0,0,0,0,0,2,0,0,0,0,0,5,0,0,0,2,0,0,0,0,0
"123","149280",1987,14,1987,"149280_01","CLW GMC","07/11/2024","na",47,37,"841","control","control_1984-1993","30.77583","-89.82722",0,0,0,0,0,0,0,0,0,0,0,0,0,0,0,0,0,0,0,10,0,0,0,0,0,0,0,0,0
"124","151705",1988,4,14,"151705_02","IJ KL","07/16/2024",NA,76,55,"2766","impact","impact_1984-1993","30.75417","-89.82694",0,0,0,0,0,14,0,0,0,0,0,0,0,0,0,0,0,0,2,3,0,0,0,2,0,0,0,0,0
"125","151705",1988,4,14,"151705_04","jt djb dmdm gmc","07/16/2024","na",65,48,"1688","impact","impact_1984-1993","30.75417","-89.82694",0,0,0,0,0,8,0,0,0,0,0,0,0,0,0,0,0,0,0,0,0,0,0,0,0,0,0,0,0
"126","151705",1988,4,14,"151705_01","sc djb gmc","07/16/2024","na",74,60,"2904","impact","impact_1984-1993","30.75417","-89.82694",0,0,0,0,0,30,0,0,0,0,0,0,0,0,0,0,0,0,0,3,0,0,0,0,0,0,0,0,0
"127","151705",1988,4,14,"151705_03","sc dmdm djb","07/16/2024","na",64,52,"1924","impact","impact_1984-1993","30.75417","-89.82694",0,0,0,0,0,0,0,0,0,0,0,0,0,0,0,0,0,0,0,76,0,0,0,0,0,0,0,0,0
"128","156651",1989,10,12,"156651_01","jt sc dmdm","07/22/2024","na",63,47,"1862","control","control_1984-1993","30.77583","-89.82722",0,0,0,0,0,4,0,0,0,0,0,0,0,0,0,0,0,0,0,34,0,0,0,0,0,0,0,0,0
"129","156651",1989,10,12,"156651_03","jt sc kl","07/22/2024","na",67,51,"1998","control","control_1984-1993","30.77583","-89.82722",0,0,0,0,0,2,0,0,0,0,0,0,22,0,0,0,0,0,0,116,0,0,2,0,0,3,0,0,0
"130","156651",1989,10,12,"156651_04","djb sc gmc","07/22/2024","na",60,48,"1838","control","control_1984-1993","30.77583","-89.82722",0,0,0,0,0,0,0,0,0,0,0,0,0,0,0,0,0,0,0,10,0,0,0,0,0,0,0,0,0
"131","156651",1989,10,12,"156651_02","sc gmc","07/22/2024",NA,64,52,"1784","control","control_1984-1993","30.77583","-89.82722",0,0,0,0,0,0,0,0,0,0,0,0,0,0,0,0,0,0,0,31,0,0,0,0,0,0,0,0,0
"132","156660",1989,10,12,"156660_03","JT DJB/CJW","07/09/2024",NA,60,47,"1810","control","control_1984-1993","30.76528","-89.83222",0,0,0,0,0,0,0,0,2,0,0,0,0,0,0,0,0,0,0,59,0,0,0,0,0,0,0,0,0
"133","156660",1989,10,12,"156660_04","IJ SC/DMDM","07/09/2024",NA,55,44,"1226","control","control_1984-1993","30.76528","-89.83222",0,0,0,0,0,34,0,0,0,0,0,0,0,0,0,0,0,0,0,71,0,0,0,0,0,0,0,0,0
"134","156660",1989,10,12,"156660_02","JT SC DMDM","07/09/2024","F",48,37,"728","control","control_1984-1993","30.76528","-89.83222",0,0,0,0,0,6,0,0,0,0,0,0,0,0,0,0,0,0,0,27,0,0,0,0,0,0,0,0,0
"135","156672",1989,10,12,"156672_04","DJB KL","07/09/2024",NA,55,44,"1271","impact","impact_1984-1993","30.75667","-89.82611",0,0,0,0,0,0,0,0,10,0,0,0,0,0,0,0,0,0,0,177,0,0,0,0,0,0,0,0,0
"136","156672",1989,10,12,"156672_01","DJB DMDM","07/09/2024",NA,58,44,"1528","impact","impact_1984-1993","30.75667","-89.82611",0,0,0,0,0,0,0,0,0,0,0,0,0,0,0,0,0,0,0,5,0,0,0,1,0,0,0,0,0
"137","156672",1989,10,12,"156672_03","DJB CJW","07/09/2024",NA,50,37,"848","impact","impact_1984-1993","30.75667","-89.82611",0,0,0,0,0,0,0,0,0,0,0,0,0,0,0,0,0,0,0,6,0,0,0,0,0,0,0,0,0
"138","156672",1989,10,12,"156672_02","DJB GMC","07/09/2024",NA,53,41,"1136","impact","impact_1984-1993","30.75667","-89.82611",0,0,0,0,0,0,0,0,0,0,0,0,0,0,0,0,0,0,0,99,0,0,0,0,0,0,0,0,0
"139","160024",1991,1,3,"160024_04","jt djb ij kl","07/16/2024","na",96,73,"6710","impact","impact_1984-1993","30.70222","-89.84417",0,0,0,0,0,0,0,0,0,0,0,0,0,0,0,0,0,0,0,2,0,0,0,0,0,1,0,0,0
"140","160024",1991,1,3,"160024_03","djb sc kl","07/16/2024","na",98,76,"2098","impact","impact_1984-1993","30.70222","-89.84417",0,0,0,0,0,0,0,0,0,0,0,0,2,0,0,0,0,1,0,9,0,0,0,0,0,0,0,0,0
"141","160024",1991,1,3,"160024_01","sc ij dmdm","07/16/2024","na",113,93,"12164","impact","impact_1984-1993","30.70222","-89.84417",0,0,0,0,0,0,0,0,0,0,0,0,0,0,0,0,0,0,0,15,0,0,0,0,0,0,0,0,0
"142","160024",1991,1,3,"160024_02","IJ KL","07/16/2024",NA,105,84,"6552","impact","impact_1984-1993","30.70222","-89.84417",0,0,0,0,0,0,0,0,0,0,0,0,0,0,0,0,0,1,2,27,0,0,0,0,0,0,0,0,0
"143","161604",1991,10,26,"161604_01","sc clw cjw","07/12/2024","na",68,57,"2564","control","control_1984-1993","30.77583","-89.82722",0,0,0,0,1,0,0,0,0,0,0,0,2,0,0,0,0,0,0,0,0,0,0,0,0,1,0,0,0
"144","161604",1991,10,26,"161604_03","djb clw gmc","07/11/2024","na",71,56,"3079","control","control_1984-1993","30.77583","-89.82722",0,0,0,0,0,0,0,0,0,0,0,0,0,0,0,0,0,0,0,0,0,0,0,0,0,0,0,0,0
"145","161604",1991,10,26,"161604_04","DJB CLW","07/11/2024",NA,69,55,"2638","control","control_1984-1993","30.77583","-89.82722",0,0,0,0,0,0,0,0,0,0,0,0,0,0,0,0,0,0,0,0,0,0,0,0,0,0,0,0,0
"146","161604",1991,10,26,"161604_02","KL","07/11/2024","na",71,57,"3166","control","control_1984-1993","30.77583","-89.82722",0,0,0,0,0,0,0,0,0,0,0,0,0,0,0,0,0,0,0,1,0,0,0,0,0,0,0,0,0
"147","172513",1995,1,14,"172513_02","IJ DJB/KL","07/09/2024",NA,67,54,"2565","control","control_1994-2003","30.77861","-89.82972",0,0,0,0,0,0,0,0,0,0,0,0,0,0,0,0,0,0,0,26,0,0,0,0,0,0,0,0,0
"148","172513",1995,1,14,"172513_03","JT KL","07/09/2024","F",75,58,"3215","control","control_1994-2003","30.77861","-89.82972",0,0,0,0,0,0,0,0,0,0,0,0,0,0,0,0,0,0,0,117,0,0,0,0,0,0,0,0,0
"149","172513",1995,1,14,"172513_01","JT JT/DJB/CJW","07/09/2024",NA,73,56,"2754","control","control_1994-2003","30.77861","-89.82972",0,0,0,0,0,0,0,0,0,0,0,0,0,0,0,0,0,0,0,22,0,0,0,0,0,0,0,0,0
"150","172513",1995,1,14,"172513_04","JT/GMC/IJ","07/09/2024",NA,69,56,"2351","control","control_1994-2003","30.77861","-89.82972",0,0,0,0,0,0,0,0,0,0,0,0,0,0,0,0,0,0,0,0,0,0,0,0,0,0,0,0,0
"151","174634",1995,4,29,"174634_01","sc gmc ij","07/15/2024","na",72,60,"3940","control","control_1994-2003","30.76222","-89.83111",0,0,0,0,0,0,0,0,0,0,0,0,0,0,0,0,0,0,0,1,0,0,0,0,0,0,0,0,0
"152","174634",1995,4,29,"174634_04","jt kl","07/12/2024","f",80,65,"5333","control","control_1994-2003","30.76222","-89.83111",0,0,0,0,0,20,0,0,0,0,0,0,0,0,0,0,0,0,0,55,0,0,0,0,0,0,0,0,0
"153","174634",1995,4,29,"174634_02","GMC CJW","07/12/2024",NA,98,82,"6557","control","control_1994-2003","30.76222","-89.83111",0,0,0,0,1,0,0,0,0,0,0,0,0,0,0,0,0,0,0,2,0,0,0,1,0,1,0,0,0
"154","174634",1995,4,29,"174634_03","djb sc kl","07/12/2024","na",93,73,"5623","control","control_1994-2003","30.76222","-89.83111",0,0,0,0,0,8,0,0,0,0,0,0,0,0,0,0,0,0,0,0,0,0,0,0,0,2,0,0,0
"155","175623",1995,7,29,"175623_01","SC CJW CLW","07/18/2024",NA,51,42,"1280","impact","impact_1994-2003","30.75417","-89.82694",0,0,0,0,0,30,0,0,0,0,0,0,0,0,0,0,0,0,0,14,0,0,0,0,0,1,0,0,0
"156","175623",1995,7,29,"175623_03","JT CJW DMDM","07/18/2024",NA,51,40,"1179","impact","impact_1994-2003","30.75417","-89.82694",0,0,0,0,0,40,0,0,0,0,0,0,0,0,0,0,0,1,0,1,0,0,0,2,0,0,0,0,0
"157","175623",1995,7,29,"175623_02","DJB IJ GMC","07/18/2024",NA,50,41,"1292","impact","impact_1994-2003","30.75417","-89.82694",0,0,0,0,0,60,0,0,0,0,0,0,0,0,0,0,0,0,0,0,0,0,0,0,0,0,0,0,0
"158","184784",1997,10,12,"184784_01","ij cjw","07/22/2024","na",57,48,"1462","impact","impact_1994-2003","30.74195","-89.82528",0,0,0,0,0,40,0,0,0,0,0,0,0,0,0,0,0,0,0,21,0,0,0,0,0,0,0,0,0
"159","184784",1997,10,12,"184784_02","jt ij kl","07/22/2024","na",62,47,"1898","impact","impact_1994-2003","30.74195","-89.82528",0,0,0,0,0,8,0,0,0,0,0,0,0,0,0,0,0,0,0,117,0,0,0,0,0,0,0,0,0
"160","184784",1997,10,12,"184784_04","jt sc cjw","07/22/2024","na",63,48,"1906","impact","impact_1994-2003","30.74195","-89.82528",0,0,0,2,0,4,0,0,0,0,0,0,0,0,0,0,0,0,0,88,0,0,0,0,1,0,0,0,0
"161","184784",1997,10,12,"184784_03","djb sc gmc","07/22/2024","na",59,47,"1941","impact","impact_1994-2003","30.74195","-89.82528",0,0,0,0,0,0,0,0,0,0,0,0,0,0,0,0,0,0,0,3,0,0,0,0,0,0,0,0,0
"162","185790",1998,4,25,"185790_03","DMDM IJ CLW","07/22/2024","F",69,55,"3373","control","control_1994-2003","30.77611","-89.82777",1,0,0,0,0,6,0,0,0,0,0,0,0,0,0,0,0,0,0,34,0,0,0,0,0,0,0,0,0
"163","185790",1998,4,25,"185790_04","IJ DJB DMDM","07/22/2024","F",69,54,"2898","control","control_1994-2003","30.77611","-89.82777",0,0,0,0,0,10,0,0,0,0,0,0,0,0,0,0,0,0,0,132,0,0,0,0,0,0,0,0,0
"164","185790",1998,4,25,"185790_01","DJB GMC","07/22/2024",NA,69,55,"2957","control","control_1994-2003","30.77611","-89.82777",0,0,0,0,0,0,0,0,0,0,0,0,0,0,0,0,0,0,2,1,0,0,0,0,0,0,0,0,0
"165","185790",1998,4,25,"185790_02","DJB KL","07/22/2024",NA,76,63,"3728","control","control_1994-2003","30.77611","-89.82777",0,0,0,0,0,2,0,0,0,0,0,0,0,0,0,0,0,1,0,4,0,0,0,0,0,0,0,0,2
"166","186257",1998,7,18,"186257_01","jt djb gmc","07/10/2024","na",70,55,"3187","impact","impact_1994-2003","30.73694","-89.82694",0,0,0,0,0,38,0,0,0,0,0,0,0,0,0,0,0,0,0,15,0,0,0,0,0,0,0,0,0
"167","186257",1998,7,18,"186257_04","sc ij kl","07/10/2024","na",76,58,"3433","impact","impact_1994-2003","30.73694","-89.82694",0,0,0,0,0,8,0,0,0,0,0,0,0,0,0,0,0,0,0,10,0,0,0,0,0,0,0,0,0
"168","186257",1998,7,18,"186257_02","JT SJB GMC","7/10/2024","na",72,55,"3122","impact","impact_1994-2003","30.73694","-89.82694",0,0,0,0,0,44,0,0,0,0,0,0,0,0,0,0,0,0,0,10,0,0,0,0,0,0,0,0,0
"169","186257",1998,9,18,"186257_03","SC KL","7/10/2024","na",67,55,"2630","impact","impact_1994-2003","30.73694","-89.82694",0,0,0,0,0,18,0,0,0,0,0,0,0,0,0,0,0,0,0,98,0,0,0,0,0,0,0,0,0
"170","186646",1998,10,10,"186646_01","JT IJ KL","07/18/2024","na",70,54,"3012","control","control_1994-2003","30.77611","-89.82722",0,0,0,0,0,0,0,0,0,0,0,0,0,0,0,0,0,0,0,17,0,0,0,0,0,0,0,0,0
"171","186646",1998,10,10,"186646_02","SC CJW KL","07/18/2024","na",67,53,"2457","control","control_1994-2003","30.77611","-89.82722",0,0,0,0,0,0,0,0,0,0,0,0,0,0,0,0,0,0,0,12,0,0,0,0,0,0,0,0,1
"172","186646",1998,10,10,"186646_04","SC IJ CJW","07/18/2024","na",65,53,"2221","control","control_1994-2003","30.77611","-89.82722",0,0,0,0,0,0,0,0,0,0,0,0,0,0,0,0,0,0,0,44,0,0,0,0,0,0,0,0,0
"173","186646",1998,10,10,"186646_03","DJB KL","7/18/2024",NA,64,52,"2207","control","control_1994-2003","30.77611","-89.82722",0,0,0,0,0,22,0,0,0,0,0,0,0,0,0,0,0,0,0,2,0,0,0,0,0,0,0,0,0
"174","189549",1999,10,9,"189549_03","KL DJB DMDM","07/12/2024","F",74,60,"3261","impact","impact_1994-2003","30.70389","-89.84472",0,0,0,0,0,0,0,0,0,0,0,0,0,0,0,0,0,0,0,23,0,0,0,0,1,0,0,0,0
"175","189549",1999,10,9,"189549_04","jt sc dmdm","07/12/2024","f",72,55,"3038","impact","impact_1994-2003","30.70389","-89.84472",0,0,0,0,0,18,0,0,0,0,0,0,0,0,0,0,0,0,0,2,0,0,0,0,0,0,0,0,0
"176","189549",1999,10,9,"189549_02","ij gmc cjw","07/12/2024","na",74,63,"na","impact","impact_1994-2003","30.70389","-89.84472",0,0,0,0,0,0,2,0,0,0,0,2,0,0,0,0,0,1,0,4,0,0,0,0,0,0,0,0,0
"177","189549",1999,10,9,"189549_01","IJ SC","07/12/2024",NA,74,59,"3492","impact","impact_1994-2003","30.70389","-89.84472",0,0,0,0,0,0,0,0,0,0,0,0,0,0,0,0,0,0,0,5,0,0,0,0,0,1,0,0,0
"178","190938",2000,7,1,"190938_02","DJB KL","07/19/2024",NA,82,64,"4417","control","control_1994-2003","30.77583","-89.82722",0,0,0,0,0,70,0,0,0,0,0,0,0,0,0,0,0,0,2,456,0,0,0,0,0,1,0,0,0
"179","190938",2000,7,1,"190938_03","ij sc kl","07/19/2024","na",70,57,"2702","control","control_1994-2003","30.77583","-89.82722",0,0,0,0,0,8,0,NA,0,0,0,0,0,0,0,0,0,0,0,1,0,0,0,0,0,0,0,0,0
"180","190938",2000,7,1,"190938_04","DJB GMC","07/19/2024",NA,68,53,"2689","control","control_1994-2003","30.77583","-89.82722",0,0,0,2,0,18,0,0,0,0,0,0,0,0,0,0,0,0,0,3,0,0,0,2,0,0,0,0,0
"181","190938",2000,7,1,"190938_01","DJB DMDM","07/19/2024",NA,66,54,"1966","control","control_1994-2003","30.77583","-89.82722",0,0,0,0,0,86,0,1,0,0,0,0,0,0,0,0,0,0,0,0,0,0,0,0,0,0,0,0,0
"182","192995",2001,7,21,"192995_01","SC/IJ DMDM","07/10/2024",NA,42,34,"558","impact","impact_1994-2003","30.74195","-89.82528",0,0,0,0,0,42,0,0,0,0,0,0,0,0,0,0,0,0,0,13,0,0,0,0,0,0,0,0,0
"183","192995",2001,7,21,"192995_03","DJB GMC SC KL","7/10/2024","na",40,30,"506","impact","impact_1994-2003","30.74195","-89.82528",0,0,0,0,0,16,0,0,0,0,0,0,0,0,0,0,0,6,0,9,0,0,0,0,0,0,4,0,0
"184","192995",2001,7,21,"192995_04","SC KL","7/10/2024","na",38,30,"392","impact","impact_1994-2003","30.74195","-89.82528",0,0,0,0,0,42,0,0,0,0,0,0,0,0,0,0,0,0,0,28,0,0,0,0,0,0,0,0,0
"185","192995",2001,7,21,"192995_02","DJB GMC","07/10/2024",NA,43,35,"752","impact","impact_1994-2003","30.74195","-89.82528",0,0,0,0,0,18,0,0,0,0,0,0,0,0,0,0,0,0,0,15,0,0,0,0,0,0,0,0,0
"186","196858",2004,1,31,"196858_02","SC","07/15/2024","F",58,47,"1258","control","control_2004-2013","30.77611","-89.82777",0,0,0,0,0,0,0,0,0,0,0,0,0,0,0,0,0,0,0,35,0,0,0,0,0,0,0,0,0
"187","196858",2004,1,31,"196858_04","ij jt kl","07/15/2024","f",92,75,"5799","control","control_2004-2013","30.77611","-89.82777",0,0,0,0,0,0,0,0,0,0,0,0,0,0,0,0,0,0,0,6,0,0,0,0,0,0,0,0,0
"188","196858",2004,1,31,"196858_01","SC DMDM","07/15/2024",NA,61,48,"1548","control","control_2004-2013","30.77611","-89.82777",0,0,0,0,0,0,0,0,0,0,0,0,0,0,0,0,0,0,0,34,0,0,0,0,0,0,0,0,0
"189","196858",2004,1,31,"196858_03","SC","07/15/2024",NA,63,47,"1478","control","control_2004-2013","30.77611","-89.82777",0,0,0,0,0,0,0,0,0,0,0,0,0,0,0,0,0,1,0,122,0,0,0,0,0,1,0,0,0
"190","196877",2004,1,31,"196877_04","DJB JT KL","07/18/2024",NA,83,66,"3263","impact","impact_2004-2013","30.75444","-89.82722",0,0,0,0,0,0,0,0,0,0,0,0,0,0,0,0,0,0,0,14,0,0,0,0,0,0,0,0,0
"191","196877",2004,1,31,"196877_02","SC CJW","07/18/2024",NA,69,56,"2256","impact","impact_2004-2013","30.75444","-89.82722",0,0,0,0,0,2,0,0,0,0,0,0,0,0,0,0,0,14,1,250,0,0,0,0,0,1,0,0,0
"192","196877",2004,1,31,"196877_01","CLW","07/18/2024",NA,70,54,"2221","impact","impact_2004-2013","30.75444","-89.82722",0,0,0,0,0,0,0,0,0,0,0,0,0,0,0,0,0,0,0,93,0,0,0,0,0,0,0,0,0
"193","196877",2004,1,31,"196877_03","cjw kl jt","07/18/2024",NA,87,68,"4915","impact","impact_2004-2013","30.75444","-89.82722",0,0,0,0,0,0,0,0,0,0,0,0,0,0,0,0,0,0,0,85,0,0,0,0,0,0,0,0,0
"194","196886",2004,1,31,"196886_04","DJB GMC","07/12/2024",NA,77,63,"3849","impact","impact_2004-2013","30.74195","-89.82528",0,0,0,0,0,0,0,0,0,0,0,0,0,0,0,0,0,37,0,758,0,0,0,0,0,0,0,0,0
"195","196886",2004,1,31,"196886_02","jt ij","07/12/2024","f",74,58,"3190","impact","impact_2004-2013","30.74195","-89.82528",0,0,0,0,0,0,0,0,0,0,0,0,0,0,0,0,0,0,0,145,0,0,0,0,0,0,0,0,0
"196","196886",2004,1,31,"196886_01","djb cjw","07/12/2024","na",98,78,"7711","impact","impact_2004-2013","30.74195","-89.82528",0,0,0,0,1,2,0,0,0,0,0,0,0,0,0,0,0,0,0,19,0,0,0,0,0,10,0,0,0
"197","196886",2004,1,31,"196886_03","jt kl","07/12/2024","f",89,70,"5441","impact","impact_2004-2013","30.74195","-89.82528",0,0,0,0,0,0,0,0,0,0,0,0,0,0,0,0,0,0,0,39,0,0,0,0,0,0,0,0,0
"198","197038",2004,4,24,"197038_03","DJB JT CJW","07/16/2024",NA,62,49,"2128","control","control_2004-2013","30.76528","-89.83222",0,0,0,0,0,0,0,0,0,0,0,0,0,0,0,0,0,0,0,163,0,0,0,0,0,0,0,0,0
"199","197038",2004,4,24,"197038_02","DJB CJW","07/16/2024","na",58,49,"1748","control","control_2004-2013","30.76528","-89.83222",0,0,0,0,0,0,0,0,0,0,0,0,0,0,0,0,0,0,0,102,0,0,0,0,0,0,0,0,0
"200","197038",2004,4,24,"197038_04","sc jt gmc","07/17/2024","na",63,52,"2081","control","control_2004-2013","30.76528","-89.83222",0,0,0,0,0,0,0,0,0,0,0,0,0,0,0,0,0,0,0,119,0,0,0,0,0,0,0,0,0
"201","197038",2004,4,24,"197038_01","SC IJ GMC","07/16/2024","na",63,51,"1956","control","control_2004-2013","30.76528","-89.83222",0,0,0,0,0,0,0,0,0,0,0,0,0,0,0,0,0,0,0,80,0,0,0,0,0,0,0,0,0
"202","197056",2004,4,24,"197056_01","DJB KL","7/10/2024","na",59,45,"1548","impact","impact_2004-2013","30.74195","-89.82528",0,0,0,0,0,6,0,0,0,0,0,0,0,0,0,0,0,0,0,108,0,0,0,0,0,0,0,0,0
"203","197056",2004,4,24,"197056_03","DJB/GMC","7/10/2024","na",58,43,"1516","impact","impact_2004-2013","30.74195","-89.82528",0,0,0,0,0,0,0,0,0,0,0,0,0,0,0,0,0,0,0,52,0,0,0,0,0,0,0,0,0
"204","197056",2004,4,24,"197056_04","sc djb sc kl gmc","07/10/2024","na",57,46,"1630","impact","impact_2004-2013","30.74195","-89.82528",0,0,0,0,0,0,0,0,0,0,0,0,0,0,0,0,0,0,2,90,0,0,0,0,0,0,0,0,0
"205","197056",2004,4,24,"197056_02","SC DJB CJW","7/10/2024","na",58,47,"1811","impact","impact_2004-2013","30.74195","-89.82528",0,0,0,0,0,2,0,0,0,0,0,0,0,0,0,0,0,0,0,126,0,0,0,0,0,0,0,0,0
"206","197275",2004,7,17,"197275_02","sc clw","07/15/2024","na",62,49,"1698","impact","impact_2004-2013","30.74055","-89.82694",0,0,0,0,0,0,0,0,0,0,0,0,0,0,0,0,0,0,0,266,0,0,0,0,0,1,0,0,0
"207","197275",2004,7,17,"197275_04","SC IJ GMC","07/16/2024",NA,67,50,"1930","impact","impact_2004-2013","30.74055","-89.82694",0,0,0,0,0,0,0,0,0,0,0,0,0,0,0,0,0,1,0,221,0,0,0,0,0,0,0,0,0
"208","197275",2004,7,17,"197275_01","JT DMDM CJW","07/15/2024","na",71,54,"2267","impact","impact_2004-2013","30.74055","-89.82694",0,0,0,2,0,10,0,0,0,0,0,0,0,0,0,0,0,0,0,94,0,0,0,0,0,1,0,0,0
"209","197275",2004,7,17,"197275_03","djb cjw","07/15/2024","na",69,55,"2311","impact","impact_2004-2013","30.74055","-89.82694",0,0,0,0,0,4,0,0,0,0,0,0,0,0,0,0,0,2,0,201,0,0,0,0,0,0,0,0,0
"210","198570",2005,7,15,"198570_03","sc dmdm","07/22/2024",NA,48,36,"973","control","control_2004-2013","30.77611","-89.82777",0,0,0,0,0,18,0,0,0,0,0,0,0,0,0,0,0,0,0,12,0,0,0,0,0,0,0,0,0
"211","198570",2005,7,15,"198570_02","jt djb gmc","07/22/2024","na",43,37,"978","control","control_2004-2013","30.77611","-89.82777",0,0,0,0,0,24,0,0,0,0,0,0,0,0,0,0,0,0,0,11,0,0,0,0,0,0,0,0,0
"212","198570",2005,7,15,"198570_01","sc dmdm","07/22/2024","F",46,37,"805","control","control_2004-2013","30.77611","-89.82777",0,0,0,0,0,26,0,0,1,0,0,0,0,0,0,0,0,0,0,13,0,0,0,0,0,0,0,0,0
"213","198570",2005,7,15,"198570_04","sc cjw","07/22/2024",NA,47,37,"899","control","control_2004-2013","30.77611","-89.82777",0,0,0,0,0,6,0,0,0,0,0,0,0,0,0,0,0,0,0,63,0,0,0,0,0,0,0,0,0
"214","198587",2005,7,15,"198587_02","JT SC CLW","7/11/2024","na",51,40,"1183","impact","impact_2004-2013","30.75444","-89.82722",0,0,0,0,0,6,0,0,0,0,0,0,0,0,0,0,0,0,0,4,0,0,0,0,0,0,0,0,0
"215","198587",2005,7,15,"198587_04","JT DJB CJW","7/11/2024","na",50,40,"1052","impact","impact_2004-2013","30.75444","-89.82722",0,0,0,0,0,10,0,0,0,0,0,8,0,0,0,0,0,0,0,2,0,0,0,0,0,0,0,0,0
"216","198587",2005,7,15,"198587_03","DJB JT KL CJW","07/11/2024","na",52,40,"1253","impact","impact_2004-2013","30.75444","-89.82722",0,0,0,0,0,6,0,0,0,0,0,0,0,0,0,0,0,0,0,67,0,0,0,0,0,0,0,0,0
"217","198587",2005,7,15,"198587_01","IJ SC CJW","7/11/2024","na",51,44,"1246","impact","impact_2004-2013","30.75444","-89.82722",0,0,0,0,0,38,0,0,0,0,0,0,0,0,0,0,0,0,0,3,0,0,0,0,0,0,0,0,0
"218","198623",2005,7,15,"198634_02","SC GMC","7/10/2024","na",49,35,"937","impact","impact_2004-2013","30.70222","-89.84417",0,0,0,0,0,2,0,0,0,0,0,0,0,0,0,0,0,0,0,24,0,0,0,0,0,0,0,0,0
"219","198623",2005,7,15,"198623_04","jt sc kl","07/11/2024","na",50,38,"1052","impact","impact_2004-2013","30.70222","-89.84417",0,0,0,0,0,14,0,0,0,0,0,0,0,0,0,0,0,1,0,19,0,0,0,0,0,0,0,0,0
"220","198623",2005,7,15,"198623_01","DJB/ DMDM","7/10/2024","na",47,37,"400","impact","impact_2004-2013","30.70222","-89.84417",0,0,0,0,0,30,0,0,0,0,0,0,0,0,0,0,0,0,0,33,0,0,0,0,1,0,0,0,0
"221","198623",2005,7,15,"198623_03","DJB CJW","07/10/2024","na",47,38,"1046","impact","impact_2004-2013","30.70222","-89.84417",0,0,0,0,0,2,0,0,0,0,0,0,0,0,0,0,0,0,0,103,0,0,0,2,0,0,0,0,0
